Workbook

Sheet Summary
A1: FUND PERFORMANCE REVIEW - YOGESH SHARAD GAVANKAR
A2: As on 4 September 2026. 11 fund-benchmark comparisons.
A4: HEADLINE
A5: Measure | B5: Value | E5: Comment
A6: Comparisons | B6: =COUNTA('Fund Performance'!$B$5:$B$15) -> 11 | E6: One fund appears twice, so 11 rows cover 10 distinct funds.
A7: Ahead of benchmark | B7: =COUNTIF('Fund Performance'!$G$5:$G$15,"Ahead of benchmark") -> 8 | E7: Eight of eleven rows beat the index they are measured against.
A8: Behind benchmark | B8: =COUNTIF('Fund Performance'!$G$5:$G$15,"Behind benchmark") -> 3 | E8: Focused, Flexi Cap and Consumption.
A9: Hit rate | B9: =COUNTIF('Fund Performance'!$G$5:$G$15,"Ahead of benchmark")/COUNTA('Fund Performance'!$G$5:$G$15) -> 0.72727273 | E9: Share of rows ahead of their benchmark.
A10: Average fund return | B10: =AVERAGE('Fund Performance'!$D$5:$D$15) -> 0.16611818 | E10: Simple average across rows - not weighted by amount invested.
A11: Average benchmark | B11: =AVERAGE('Fund Performance'!$E$5:$E$15) -> 0.049 | E11: Averaged across different indices and different periods.
A12: Average gap | B12: =(AVERAGE('Fund Performance'!$D$5:$D$15)-AVERAGE('Fund Performance'!$E$5:$E$15))*100 -> 11.711818 | E12: Indicative only, for the reason above.
A13: Clear the 13% bar | B13: =COUNTIF('Fund Performance'!$D$5:$D$15,">="&0.13) -> 5 | E13: Small Cap, Multi Cap, HDFC Innovation, HDFC Mid Cap and Value.
A15: WHAT STANDS OUT
A16: Three funds trail their benchmark | B16: Focused -4.65 pts, Flexi Cap -1.52 pts, Consumption -1.09 pts.
A17: Focused Fund is the weakest holding | B17: 1.14% against a benchmark that returned 5.79% - the widest shortfall and the lowest absolute return in the list.
A18: A wide gap is not always a good return | B18: Banking and Financial Services beat its index by 19.94 and 9.26 points, but returned only 9.58% and 8.06% - the index fell 10.36% and 1.20%. Large and Mid Cap is ahead by 3.99 points on 11.26%. All three sit below the 13% bar.
A19: Five of eleven clear 13% | B19: Small Cap 53.51%, Multi Cap 32.40%, HDFC Innovation 28.84%, HDFC Mid Cap 15.52% and Value 15.24%.
A20: The three leaders lead by a distance | B20: Small Cap +35.50, Multi Cap +30.37 and HDFC Innovation +21.28 points. Confirm the period before quoting these.
A22: BEFORE THIS GOES TO THE CLIENT
A23: The periods are not the same | B23: Nifty 500 TRI appears at 7.56%, 6.39%, 5.79% and 5.83%, and Nifty Financial Services TRI at -10.36% and -1.20%. One index over one period has one return, so each row covers its own window - most likely each fund's holding period. Compare each fund with its own benchmark; do not rank the gaps against each other.
A24: Banking and Financial Services appears twice | B24: Two rows, same fund and same benchmark, different figures (9.58% vs -10.36%, and 8.06% vs -1.20%). Two folios, or two periods - confirm which before this reaches the client.
A25: One fund has no data | B25: Mahindra Manulife Low Duration Fund is listed with no return, benchmark or gap.
A26: One benchmark is missing | B26: Mahindra Manulife Consumption Fund shows 2.87% against 3.96%, but the index it is measured against was not given.
A27: The underperformer list may be cut short | B27: The source table ends at Consumption Fund with no total, so confirm nothing below it was lost.

Sheet Fund Performance
A1: FUND PERFORMANCE AGAINST BENCHMARK
A2: Yogesh Sharad Gavankar. Each fund against its own benchmark over its own period - the gaps are not comparable across funds. Ordered by gap.
A4: # | B4: Fund | C4: Benchmark | D4: Fund Return | E4: Benchmark Return | F4: Gap | G4: Against benchmark | H4: Clears 13%?
A5: 1 | B5: Mahindra Manulife Small Cap Fund - Regular Plan - Growth | C5: Nifty Smallcap 250 TRI | D5: 0.5351 | E5: 0.1801 | F5: =($D5-$E5)*100 -> 35.5 | G5: =IF($D5>$E5,"Ahead of benchmark","Behind benchmark") -> Ahead of benchmark | H5: =IF($D5>=0.13,"Yes","No") -> Yes
A6: 2 | B6: Mahindra Manulife Multi Cap Fund - Regular Plan - Growth | C6: Nifty500 Multicap 50:25:25 TRI | D6: 0.324 | E6: 0.0203 | F6: =($D6-$E6)*100 -> 30.37 | G6: =IF($D6>$E6,"Ahead of benchmark","Behind benchmark") -> Ahead of benchmark | H6: =IF($D6>=0.13,"Yes","No") -> Yes
A7: 3 | B7: HDFC Innovation Fund - Regular Plan - Growth | C7: Nifty 500 TRI | D7: 0.2884 | E7: 0.0756 | F7: =($D7-$E7)*100 -> 21.28 | G7: =IF($D7>$E7,"Ahead of benchmark","Behind benchmark") -> Ahead of benchmark | H7: =IF($D7>=0.13,"Yes","No") -> Yes
A8: 4 | B8: Mahindra Manulife Banking and Financial Services Fund - Regular Plan - Growth | C8: Nifty Financial Services TRI | D8: 0.0958 | E8: -0.1036 | F8: =($D8-$E8)*100 -> 19.94 | G8: =IF($D8>$E8,"Ahead of benchmark","Behind benchmark") -> Ahead of benchmark | H8: =IF($D8>=0.13,"Yes","No") -> No
A9: 5 | B9: Mahindra Manulife Banking and Financial Services Fund - Regular Plan - Growth | C9: Nifty Financial Services TRI | D9: 0.0806 | E9: -0.012 | F9: =($D9-$E9)*100 -> 9.26 | G9: =IF($D9>$E9,"Ahead of benchmark","Behind benchmark") -> Ahead of benchmark | H9: =IF($D9>=0.13,"Yes","No") -> No
A10: 6 | B10: Mahindra Manulife Value Fund - Regular Plan - Growth | C10: Nifty 500 TRI | D10: 0.1524 | E10: 0.0639 | F10: =($D10-$E10)*100 -> 8.85 | G10: =IF($D10>$E10,"Ahead of benchmark","Behind benchmark") -> Ahead of benchmark | H10: =IF($D10>=0.13,"Yes","No") -> Yes
A11: 7 | B11: HDFC Mid Cap Fund - Regular Plan - Growth | C11: Nifty Midcap 150 TRI | D11: 0.1552 | E11: 0.0862 | F11: =($D11-$E11)*100 -> 6.9 | G11: =IF($D11>$E11,"Ahead of benchmark","Behind benchmark") -> Ahead of benchmark | H11: =IF($D11>=0.13,"Yes","No") -> Yes
A12: 8 | B12: Mahindra Manulife Large and Mid Cap Fund - Regular Plan - Growth | C12: NIFTY LargeMidcap 250 TRI | D12: 0.1126 | E12: 0.0727 | F12: =($D12-$E12)*100 -> 3.99 | G12: =IF($D12>$E12,"Ahead of benchmark","Behind benchmark") -> Ahead of benchmark | H12: =IF($D12>=0.13,"Yes","No") -> No
A13: 9 | B13: Mahindra Manulife Consumption Fund - Regular Plan - Growth | C13: (not stated) | D13: 0.0287 | E13: 0.0396 | F13: =($D13-$E13)*100 -> -1.09 | G13: =IF($D13>$E13,"Ahead of benchmark","Behind benchmark") -> Behind benchmark | H13: =IF($D13>=0.13,"Yes","No") -> No
A14: 10 | B14: Mahindra Manulife Flexi Cap Fund - Regular Plan - Growth | C14: Nifty 500 TRI | D14: 0.0431 | E14: 0.0583 | F14: =($D14-$E14)*100 -> -1.52 | G14: =IF($D14>$E14,"Ahead of benchmark","Behind benchmark") -> Behind benchmark | H14: =IF($D14>=0.13,"Yes","No") -> No
A15: 11 | B15: Mahindra Manulife Focused Fund - Regular Plan - Growth | C15: Nifty 500 TRI | D15: 0.0114 | E15: 0.0579 | F15: =($D15-$E15)*100 -> -4.65 | G15: =IF($D15>$E15,"Ahead of benchmark","Behind benchmark") -> Behind benchmark | H15: =IF($D15>=0.13,"Yes","No") -> No
B16: AVERAGE (11 comparisons) | D16: =AVERAGE(D5:D15) -> 0.16611818 | E16: =AVERAGE(E5:E15) -> 0.049 | F16: =($D16-$E16)*100 -> 11.711818 | G16: =COUNTIF(G5:G15,"Ahead of benchmark")&" ahead / "&COUNTIF(G5:G15,"Behind benchmark")&" behind" -> 8 ahead / 3 behind | H16: =COUNTIF(H5:H15,"Yes")&" of "&COUNTA(H5:H15) -> 5 of 11
A18: LISTED BUT NOT MEASURED
B19: Mahindra Manulife Low Duration Fund - Regular Plan - Growth | C19: No return, benchmark or gap was supplied for this fund.

Sheet By Benchmark
A1: BY BENCHMARK
A2: Where one index shows more than one return, the rows under it cover different periods. This is the evidence for the reading note.
A4: Benchmark | B4: Funds | C4: Index returns seen | D4: Same period?
A5: Nifty 500 TRI | B5: 4 | C5: +7.56%, +6.39%, +5.83%, +5.79% | D5: No - 4 periods
A6: Nifty Financial Services TRI | B6: 2 | C6: -1.20%, -10.36% | D6: No - 2 periods
A7: Nifty Smallcap 250 TRI | B7: 1 | C7: +18.01% | D7: Yes
A8: Nifty500 Multicap 50:25:25 TRI | B8: 1 | C8: +2.03% | D8: Yes
A9: Nifty Midcap 150 TRI | B9: 1 | C9: +8.62% | D9: Yes
A10: NIFTY LargeMidcap 250 TRI | B10: 1 | C10: +7.27% | D10: Yes
A11: (not stated) | B11: 1 | C11: +3.96% | D11: Yes
A13: An index cannot post two different returns over one period. Nifty 500 TRI appears four times with four different values and Nifty Financial Services TRI twice, so the rows beneath them were measured over different windows. Each fund-versus-benchmark pair is still a fair comparison; the gaps between funds are not.

Sheet Action Plan
A1: ACTION PLAN
A2: Owner and Done are yours to fill in.
A4: When | B4: Step | C4: What happens | D4: Owner | E4: Done
A5: Before sending | B5: Fix the data | C5: Resolve the duplicated Banking and Financial Services row, add the missing Consumption benchmark and the Low Duration figures, and state the period each return covers.
A6: Week 1 | B6: Review the three laggards | C6: Focused (-4.65 pts), Flexi Cap (-1.52 pts) and Consumption (-1.09 pts) trail their benchmarks. Focused is the one to act on: 1.14% absolute.
A7: Week 1 | B7: Look past the gap | C7: Banking and Financial Services beat a falling index on both rows but returned 9.58% and 8.06%. Beating a benchmark that fell is not the same as making money.
A8: Week 2 | B8: Confirm the winners | C8: Small Cap (+35.50 pts), Multi Cap (+30.37 pts) and HDFC Innovation (+21.28 pts) lead by a wide margin. Check the period before quoting these to the client.
A9: Ongoing | B9: Standardise | C9: Pull all funds over one common period - 1Y, 3Y and 5Y - so the next review compares like with like.
A11: Past performance is not indicative of future returns. This review compares each fund with its stated benchmark only and does not account for the amount invested in each. Mutual fund investments are subject to market risks; read all scheme-related documents carefully.
